{
  "place": [
    {
      "name": "제주도 (Jeju Island)",
      "details": { "category": "섬", "location": "대한민국" }
    },
    {
      "name": "서울 (Seoul)",
      "details": { "category": "도시/수도", "location": "대한민국" }
    },
    {
      "name": "부산 (Busan)",
      "details": { "category": "도시", "location": "대한민국" }
    },
    {
      "name": "인천 (Incheon)",
      "details": { "category": "도시", "location": "대한민국" }
    },
    {
      "name": "대구 (Daegu)",
      "details": { "category": "도시", "location": "대한민국" }
    },
    {
      "name": "대전 (Daejeon)",
      "details": { "category": "도시", "location": "대한민국" }
    },
    {
      "name": "광주 (Gwangju)",
      "details": { "category": "도시", "location": "대한민국" }
    },
    {
      "name": "울산 (Ulsan)",
      "details": { "category": "도시", "location": "대한민국" }
    },
    {
      "name": "세종 (Sejong)",
      "details": { "category": "도시/행정수도", "location": "대한민국" }
    },
    {
      "name": "수원 (Suwon)",
      "details": { "category": "도시", "location": "대한민국" }
    },
    {
      "name": "고양 (Goyang)",
      "details": { "category": "도시", "location": "대한민국" }
    },
    {
      "name": "용인 (Yongin)",
      "details": { "category": "도시", "location": "대한민국" }
    },
    {
      "name": "성남 (Seongnam)",
      "details": { "category": "도시", "location": "대한민국" }
    },
    {
      "name": "창원 (Changwon)",
      "details": { "category": "도시", "location": "대한민국" }
    },
    {
      "name": "전주 (Jeonju)",
      "details": { "category": "도시", "location": "대한민국" }
    },
    {
      "name": "청주 (Cheongju)",
      "details": { "category": "도시", "location": "대한민국" }
    },
    {
      "name": "천안 (Cheonan)",
      "details": { "category": "도시", "location": "대한민국" }
    },
    {
      "name": "포항 (Pohang)",
      "details": { "category": "도시", "location": "대한민국" }
    },
    {
      "name": "여수 (Yeosu)",
      "details": { "category": "도시/관광지", "location": "대한민국" }
    },
    {
      "name": "경주 (Gyeongju)",
      "details": { "category": "도시/유적지", "location": "대한민국" }
    },
    {
      "name": "평양 (Pyongyang)",
      "details": { "category": "도시/수도", "location": "북한" }
    },
    {
      "name": "도쿄 (Tokyo)",
      "details": { "category": "도시/수도", "location": "일본" }
    },
    {
      "name": "오사카 (Osaka)",
      "details": { "category": "도시", "location": "일본" }
    },
    {
      "name": "교토 (Kyoto)",
      "details": { "category": "도시", "location": "일본" }
    },
    {
      "name": "후쿠오카 (Fukuoka)",
      "details": { "category": "도시", "location": "일본" }
    },
    {
      "name": "삿포로 (Sapporo)",
      "details": { "category": "도시", "location": "일본" }
    },
    {
      "name": "베이징 (Beijing)",
      "details": { "category": "도시/수도", "location": "중국" }
    },
    {
      "name": "상하이 (Shanghai)",
      "details": { "category": "도시", "location": "중국" }
    },
    {
      "name": "광저우 (Guangzhou)",
      "details": { "category": "도시", "location": "중국" }
    },
    {
      "name": "선전 (Shenzhen)",
      "details": { "category": "도시", "location": "중국" }
    },
    {
      "name": "홍콩 (Hong Kong)",
      "details": { "category": "도시/특별행정구", "location": "중국" }
    },
    {
      "name": "마카오 (Macau)",
      "details": { "category": "도시/특별행정구", "location": "중국" }
    },
    {
      "name": "타이베이 (Taipei)",
      "details": { "category": "도시/수도", "location": "대만" }
    },
    {
      "name": "가오슝 (Kaohsiung)",
      "details": { "category": "도시", "location": "대만" }
    },
    {
      "name": "울란바토르 (Ulaanbaatar)",
      "details": { "category": "도시/수도", "location": "몽골" }
    },
    {
      "name": "뉴욕 (New York)",
      "details": { "category": "도시", "location": "미국" }
    },
    {
      "name": "워싱턴 D.C. (Washington D.C.)",
      "details": { "category": "도시/수도", "location": "미국" }
    },
    {
      "name": "로스앤젤레스 (Los Angeles)",
      "details": { "category": "도시", "location": "미국" }
    },
    {
      "name": "시카고 (Chicago)",
      "details": { "category": "도시", "location": "미국" }
    },
    {
      "name": "샌프란시스코 (San Francisco)",
      "details": { "category": "도시", "location": "미국" }
    },
    {
      "name": "시애틀 (Seattle)",
      "details": { "category": "도시", "location": "미국" }
    },
    {
      "name": "보스턴 (Boston)",
      "details": { "category": "도시", "location": "미국" }
    },
    {
      "name": "마이애미 (Miami)",
      "details": { "category": "도시", "location": "미국" }
    },
    {
      "name": "휴스턴 (Houston)",
      "details": { "category": "도시", "location": "미국" }
    },
    {
      "name": "애틀랜타 (Atlanta)",
      "details": { "category": "도시", "location": "미국" }
    },
    {
      "name": "라스베이거스 (Las Vegas)",
      "details": { "category": "도시", "location": "미국" }
    },
    {
      "name": "호놀룰루 (Honolulu)",
      "details": { "category": "도시", "location": "미국/하와이" }
    },
    {
      "name": "토론토 (Toronto)",
      "details": { "category": "도시", "location": "캐나다" }
    },
    {
      "name": "밴쿠버 (Vancouver)",
      "details": { "category": "도시", "location": "캐나다" }
    },
    {
      "name": "오타와 (Ottawa)",
      "details": { "category": "도시/수도", "location": "캐나다" }
    },
    {
      "name": "몬트리올 (Montreal)",
      "details": { "category": "도시", "location": "캐나다" }
    },
    {
      "name": "런던 (London)",
      "details": { "category": "도시/수도", "location": "영국" }
    },
    {
      "name": "맨체스터 (Manchester)",
      "details": { "category": "도시", "location": "영국" }
    },
    {
      "name": "리버풀 (Liverpool)",
      "details": { "category": "도시", "location": "영국" }
    },
    {
      "name": "더블린 (Dublin)",
      "details": { "category": "도시/수도", "location": "아일랜드" }
    },
    {
      "name": "파리 (Paris)",
      "details": { "category": "도시/수도", "location": "프랑스" }
    },
    {
      "name": "리옹 (Lyon)",
      "details": { "category": "도시", "location": "프랑스" }
    },
    {
      "name": "마르세유 (Marseille)",
      "details": { "category": "도시", "location": "프랑스" }
    },
    {
      "name": "베를린 (Berlin)",
      "details": { "category": "도시/수도", "location": "독일" }
    },
    {
      "name": "뮌헨 (Munich)",
      "details": { "category": "도시", "location": "독일" }
    },
    {
      "name": "프랑크푸르트 (Frankfurt)",
      "details": { "category": "도시", "location": "독일" }
    },
    {
      "name": "함부르크 (Hamburg)",
      "details": { "category": "도시", "location": "독일" }
    },
    {
      "name": "로마 (Rome)",
      "details": { "category": "도시/수도", "location": "이탈리아" }
    },
    {
      "name": "밀라노 (Milan)",
      "details": { "category": "도시", "location": "이탈리아" }
    },
    {
      "name": "베네치아 (Venice)",
      "details": { "category": "도시", "location": "이탈리아" }
    },
    {
      "name": "피렌체 (Florence)",
      "details": { "category": "도시", "location": "이탈리아" }
    },
    {
      "name": "나폴리 (Naples)",
      "details": { "category": "도시", "location": "이탈리아" }
    },
    {
      "name": "마드리드 (Madrid)",
      "details": { "category": "도시/수도", "location": "스페인" }
    },
    {
      "name": "바르셀로나 (Barcelona)",
      "details": { "category": "도시", "location": "스페인" }
    },
    {
      "name": "리스본 (Lisbon)",
      "details": { "category": "도시/수도", "location": "포르투갈" }
    },
    {
      "name": "암스테르담 (Amsterdam)",
      "details": { "category": "도시/수도", "location": "네덜란드" }
    },
    {
      "name": "브뤼셀 (Brussels)",
      "details": { "category": "도시/수도", "location": "벨기에" }
    },
    {
      "name": "취리히 (Zurich)",
      "details": { "category": "도시", "location": "스위스" }
    },
    {
      "name": "제네바 (Geneva)",
      "details": { "category": "도시", "location": "스위스" }
    },
    {
      "name": "빈 (Vienna)",
      "details": { "category": "도시/수도", "location": "오스트리아" }
    },
    {
      "name": "프라하 (Prague)",
      "details": { "category": "도시/수도", "location": "체코" }
    },
    {
      "name": "부다페스트 (Budapest)",
      "details": { "category": "도시/수도", "location": "헝가리" }
    },
    {
      "name": "바르샤바 (Warsaw)",
      "details": { "category": "도시/수도", "location": "폴란드" }
    },
    {
      "name": "코펜하겐 (Copenhagen)",
      "details": { "category": "도시/수도", "location": "덴마크" }
    },
    {
      "name": "스톡홀름 (Stockholm)",
      "details": { "category": "도시/수도", "location": "스웨덴" }
    },
    {
      "name": "오슬로 (Oslo)",
      "details": { "category": "도시/수도", "location": "노르웨이" }
    },
    {
      "name": "헬싱키 (Helsinki)",
      "details": { "category": "도시/수도", "location": "핀란드" }
    },
    {
      "name": "모스크바 (Moscow)",
      "details": { "category": "도시/수도", "location": "러시아" }
    },
    {
      "name": "상트페테르부르크 (Saint Petersburg)",
      "details": { "category": "도시", "location": "러시아" }
    },
    {
      "name": "키이우 (Kyiv)",
      "details": { "category": "도시/수도", "location": "우크라이나" }
    },
    {
      "name": "이스탄불 (Istanbul)",
      "details": { "category": "도시", "location": "튀르키예" }
    },
    {
      "name": "앙카라 (Ankara)",
      "details": { "category": "도시/수도", "location": "튀르키예" }
    },
    {
      "name": "아테네 (Athens)",
      "details": { "category": "도시/수도", "location": "그리스" }
    },
    {
      "name": "방콕 (Bangkok)",
      "details": { "category": "도시/수도", "location": "태국" }
    },
    {
      "name": "치앙마이 (Chiang Mai)",
      "details": { "category": "도시", "location": "태국" }
    },
    {
      "name": "하노이 (Hanoi)",
      "details": { "category": "도시/수도", "location": "베트남" }
    },
    {
      "name": "호찌민 (Ho Chi Minh City)",
      "details": { "category": "도시", "location": "베트남" }
    },
    {
      "name": "다낭 (Da Nang)",
      "details": { "category": "도시/휴양지", "location": "베트남" }
    },
    {
      "name": "마닐라 (Manila)",
      "details": { "category": "도시/수도", "location": "필리핀" }
    },
    {
      "name": "세부 (Cebu)",
      "details": { "category": "도시/휴양지", "location": "필리핀" }
    },
    {
      "name": "자카르타 (Jakarta)",
      "details": { "category": "도시/수도", "location": "인도네시아" }
    },
    {
      "name": "발리 (Bali)",
      "details": { "category": "섬/휴양지", "location": "인도네시아" }
    },
    {
      "name": "쿠알라룸푸르 (Kuala Lumpur)",
      "details": { "category": "도시/수도", "location": "말레이시아" }
    },
    {
      "name": "싱가포르 (Singapore)",
      "details": { "category": "도시국가", "location": "싱가포르" }
    },
    {
      "name": "뉴델리 (New Delhi)",
      "details": { "category": "도시/수도", "location": "인도" }
    },
    {
      "name": "뭄바이 (Mumbai)",
      "details": { "category": "도시", "location": "인도" }
    },
    {
      "name": "카트만두 (Kathmandu)",
      "details": { "category": "도시/수도", "location": "네팔" }
    },
    {
      "name": "두바이 (Dubai)",
      "details": { "category": "도시", "location": "아랍에미리트" }
    },
    {
      "name": "아부다비 (Abu Dhabi)",
      "details": { "category": "도시/수도", "location": "아랍에미리트" }
    },
    {
      "name": "도하 (Doha)",
      "details": { "category": "도시/수도", "location": "카타르" }
    },
    {
      "name": "리야드 (Riyadh)",
      "details": { "category": "도시/수도", "location": "사우디아라비아" }
    },
    {
      "name": "예루살렘 (Jerusalem)",
      "details": { "category": "도시", "location": "이스라엘/팔레스타인" }
    },
    {
      "name": "텔아비브 (Tel Aviv)",
      "details": { "category": "도시", "location": "이스라엘" }
    },
    {
      "name": "테헤란 (Tehran)",
      "details": { "category": "도시/수도", "location": "이란" }
    },
    {
      "name": "카이로 (Cairo)",
      "details": { "category": "도시/수도", "location": "이집트" }
    },
    {
      "name": "나이로비 (Nairobi)",
      "details": { "category": "도시/수도", "location": "케냐" }
    },
    {
      "name": "케이프타운 (Cape Town)",
      "details": { "category": "도시", "location": "남아공" }
    },
    {
      "name": "요하네스버그 (Johannesburg)",
      "details": { "category": "도시", "location": "남아공" }
    },
    {
      "name": "라고스 (Lagos)",
      "details": { "category": "도시", "location": "나이지리아" }
    },
    {
      "name": "아디스아바바 (Addis Ababa)",
      "details": { "category": "도시/수도", "location": "에티오피아" }
    },
    {
      "name": "시드니 (Sydney)",
      "details": { "category": "도시", "location": "호주" }
    },
    {
      "name": "멜버른 (Melbourne)",
      "details": { "category": "도시", "location": "호주" }
    },
    {
      "name": "브리즈번 (Brisbane)",
      "details": { "category": "도시", "location": "호주" }
    },
    {
      "name": "퍼스 (Perth)",
      "details": { "category": "도시", "location": "호주" }
    },
    {
      "name": "캔버라 (Canberra)",
      "details": { "category": "도시/수도", "location": "호주" }
    },
    {
      "name": "오클랜드 (Auckland)",
      "details": { "category": "도시", "location": "뉴질랜드" }
    },
    {
      "name": "웰링턴 (Wellington)",
      "details": { "category": "도시/수도", "location": "뉴질랜드" }
    },
    {
      "name": "멕시코시티 (Mexico City)",
      "details": { "category": "도시/수도", "location": "멕시코" }
    },
    {
      "name": "칸쿤 (Cancun)",
      "details": { "category": "도시/휴양지", "location": "멕시코" }
    },
    {
      "name": "상파울루 (Sao Paulo)",
      "details": { "category": "도시", "location": "브라질" }
    },
    {
      "name": "리우데자네이루 (Rio de Janeiro)",
      "details": { "category": "도시", "location": "브라질" }
    },
    {
      "name": "브라질리아 (Brasilia)",
      "details": { "category": "도시/수도", "location": "브라질" }
    },
    {
      "name": "부에노스아이레스 (Buenos Aires)",
      "details": { "category": "도시/수도", "location": "아르헨티나" }
    },
    {
      "name": "산티아고 (Santiago)",
      "details": { "category": "도시/수도", "location": "칠레" }
    },
    {
      "name": "보고타 (Bogota)",
      "details": { "category": "도시/수도", "location": "콜롬비아" }
    },
    {
      "name": "리마 (Lima)",
      "details": { "category": "도시/수도", "location": "페루" }
    },
    {
      "name": "대한민국 (Republic of Korea)",
      "details": { "category": "국가", "location": "아시아" }
    },
    {
      "name": "미국 (United States)",
      "details": { "category": "국가", "location": "북아메리카" }
    },
    {
      "name": "중국 (China)",
      "details": { "category": "국가", "location": "아시아" }
    },
    {
      "name": "일본 (Japan)",
      "details": { "category": "국가", "location": "아시아" }
    },
    {
      "name": "러시아 (Russia)",
      "details": { "category": "국가", "location": "유라시아" }
    },
    {
      "name": "독일 (Germany)",
      "details": { "category": "국가", "location": "유럽" }
    },
    {
      "name": "영국 (United Kingdom)",
      "details": { "category": "국가", "location": "유럽" }
    },
    {
      "name": "프랑스 (France)",
      "details": { "category": "국가", "location": "유럽" }
    },
    {
      "name": "이탈리아 (Italy)",
      "details": { "category": "국가", "location": "유럽" }
    },
    {
      "name": "캐나다 (Canada)",
      "details": { "category": "국가", "location": "북아메리카" }
    },
    {
      "name": "인도 (India)",
      "details": { "category": "국가", "location": "아시아" }
    },
    {
      "name": "브라질 (Brazil)",
      "details": { "category": "국가", "location": "남아메리카" }
    },
    {
      "name": "호주 (Australia)",
      "details": { "category": "국가", "location": "오세아니아" }
    },
    {
      "name": "스페인 (Spain)",
      "details": { "category": "국가", "location": "유럽" }
    },
    {
      "name": "멕시코 (Mexico)",
      "details": { "category": "국가", "location": "북아메리카" }
    },
    {
      "name": "인도네시아 (Indonesia)",
      "details": { "category": "국가", "location": "아시아" }
    },
    {
      "name": "튀르키예 (Turkiye)",
      "details": { "category": "국가", "location": "유라시아" }
    },
    {
      "name": "네덜란드 (Netherlands)",
      "details": { "category": "국가", "location": "유럽" }
    },
    {
      "name": "사우디아라비아 (Saudi Arabia)",
      "details": { "category": "국가", "location": "아시아" }
    },
    {
      "name": "스위스 (Switzerland)",
      "details": { "category": "국가", "location": "유럽" }
    },
    {
      "name": "폴란드 (Poland)",
      "details": { "category": "국가", "location": "유럽" }
    },
    {
      "name": "스웨덴 (Sweden)",
      "details": { "category": "국가", "location": "유럽" }
    },
    {
      "name": "벨기에 (Belgium)",
      "details": { "category": "국가", "location": "유럽" }
    },
    {
      "name": "태국 (Thailand)",
      "details": { "category": "국가", "location": "아시아" }
    },
    {
      "name": "아르헨티나 (Argentina)",
      "details": { "category": "국가", "location": "남아메리카" }
    },
    {
      "name": "베트남 (Vietnam)",
      "details": { "category": "국가", "location": "아시아" }
    },
    {
      "name": "이집트 (Egypt)",
      "details": { "category": "국가", "location": "아프리카" }
    },
    {
      "name": "남아프리카 공화국 (South Africa)",
      "details": { "category": "국가", "location": "아프리카" }
    },
    {
      "name": "나이지리아 (Nigeria)",
      "details": { "category": "국가", "location": "아프리카" }
    },
    {
      "name": "파키스탄 (Pakistan)",
      "details": { "category": "국가", "location": "아시아" }
    },
    {
      "name": "방글라데시 (Bangladesh)",
      "details": { "category": "국가", "location": "아시아" }
    },
    {
      "name": "우크라이나 (Ukraine)",
      "details": { "category": "국가", "location": "유럽" }
    },
    {
      "name": "콜롬비아 (Colombia)",
      "details": { "category": "국가", "location": "남아메리카" }
    },
    {
      "name": "필리핀 (Philippines)",
      "details": { "category": "국가", "location": "아시아" }
    },
    {
      "name": "말레이시아 (Malaysia)",
      "details": { "category": "국가", "location": "아시아" }
    },
    {
      "name": "포르투갈 (Portugal)",
      "details": { "category": "국가", "location": "유럽" }
    },
    {
      "name": "그리스 (Greece)",
      "details": { "category": "국가", "location": "유럽" }
    },
    {
      "name": "이스라엘 (Israel)",
      "details": { "category": "국가", "location": "아시아" }
    },
    {
      "name": "핀란드 (Finland)",
      "details": { "category": "국가", "location": "유럽" }
    },
    {
      "name": "노르웨이 (Norway)",
      "details": { "category": "국가", "location": "유럽" }
    },
    {
      "name": "덴마크 (Denmark)",
      "details": { "category": "국가", "location": "유럽" }
    },
    {
      "name": "싱가포르 (Singapore)",
      "details": { "category": "국가", "location": "아시아" }
    },
    {
      "name": "뉴질랜드 (New Zealand)",
      "details": { "category": "국가", "location": "오세아니아" }
    },
    {
      "name": "아일랜드 (Ireland)",
      "details": { "category": "국가", "location": "유럽" }
    },
    {
      "name": "칠레 (Chile)",
      "details": { "category": "국가", "location": "남아메리카" }
    },
    {
      "name": "페루 (Peru)",
      "details": { "category": "국가", "location": "남아메리카" }
    },
    {
      "name": "체코 (Czech Republic)",
      "details": { "category": "국가", "location": "유럽" }
    },
    {
      "name": "헝가리 (Hungary)",
      "details": { "category": "국가", "location": "유럽" }
    },
    {
      "name": "카타르 (Qatar)",
      "details": { "category": "국가", "location": "아시아" }
    },
    {
      "name": "아랍에미리트 (UAE)",
      "details": { "category": "국가", "location": "아시아" }
    },
    {
      "name": "몽골 (Mongolia)",
      "details": { "category": "국가", "location": "아시아" }
    },
    {
      "name": "유치원 (Kindergarten)",
      "details": { "category": "교육 시설", "location": "전 세계" }
    },
    {
      "name": "초등학교 (Elementary School)",
      "details": { "category": "교육 시설", "location": "전 세계" }
    },
    {
      "name": "중학교 (Middle School)",
      "details": { "category": "교육 시설", "location": "전 세계" }
    },
    {
      "name": "고등학교 (High School)",
      "details": { "category": "교육 시설", "location": "전 세계" }
    },
    {
      "name": "대학교 (University)",
      "details": { "category": "교육 시설", "location": "전 세계" }
    },
    {
      "name": "대학원 (Graduate School)",
      "details": { "category": "교육 시설", "location": "전 세계" }
    },
    {
      "name": "학원 (Academy)",
      "details": { "category": "교육 시설", "location": "대한민국 등" }
    },
    {
      "name": "도서관 (Library)",
      "details": { "category": "교육/문화 시설", "location": "전 세계" }
    },
    {
      "name": "서점 (Bookstore)",
      "details": { "category": "상업 시설", "location": "전 세계" }
    },
    {
      "name": "병원 (Hospital)",
      "details": { "category": "의료 시설", "location": "전 세계" }
    },
    {
      "name": "보건소 (Public Health Center)",
      "details": { "category": "의료 시설", "location": "전 세계" }
    },
    {
      "name": "약국 (Pharmacy)",
      "details": { "category": "의료 시설", "location": "전 세계" }
    },
    {
      "name": "치과 (Dental Clinic)",
      "details": { "category": "의료 시설", "location": "전 세계" }
    },
    {
      "name": "한의원 (Oriental Medicine Clinic)",
      "details": { "category": "의료 시설", "location": "동아시아" }
    },
    {
      "name": "동물병원 (Veterinary Clinic)",
      "details": { "category": "의료 시설", "location": "전 세계" }
    },
    {
      "name": "경찰서 (Police Station)",
      "details": { "category": "공공 시설", "location": "전 세계" }
    },
    {
      "name": "소방서 (Fire Station)",
      "details": { "category": "공공 시설", "location": "전 세계" }
    },
    {
      "name": "우체국 (Post Office)",
      "details": { "category": "공공 시설", "location": "전 세계" }
    },
    {
      "name": "시청 (City Hall)",
      "details": { "category": "공공 시설", "location": "전 세계" }
    },
    {
      "name": "법원 (Court)",
      "details": { "category": "공공 시설", "location": "전 세계" }
    },
    {
      "name": "주민센터 (Community Center)",
      "details": { "category": "공공 시설", "location": "대한민국" }
    },
    {
      "name": "대사관 (Embassy)",
      "details": { "category": "공공 시설", "location": "전 세계" }
    },
    {
      "name": "교도소 (Prison)",
      "details": { "category": "교정 시설", "location": "전 세계" }
    },
    {
      "name": "은행 (Bank)",
      "details": { "category": "금융 시설", "location": "전 세계" }
    },
    {
      "name": "ATM (Automated Teller Machine)",
      "details": { "category": "금융 시설", "location": "전 세계" }
    },
    {
      "name": "백화점 (Department Store)",
      "details": { "category": "상업 시설", "location": "전 세계" }
    },
    {
      "name": "슈퍼마켓 (Supermarket)",
      "details": { "category": "상업 시설", "location": "전 세계" }
    },
    {
      "name": "편의점 (Convenience Store)",
      "details": { "category": "상업 시설", "location": "전 세계" }
    },
    {
      "name": "전통시장 (Traditional Market)",
      "details": { "category": "상업 시설", "location": "전 세계" }
    },
    {
      "name": "아울렛 (Outlet)",
      "details": { "category": "상업 시설", "location": "전 세계" }
    },
    {
      "name": "면세점 (Duty Free Shop)",
      "details": { "category": "상업 시설", "location": "공항/시내" }
    },
    {
      "name": "식당 (Restaurant)",
      "details": { "category": "상업 시설", "location": "전 세계" }
    },
    {
      "name": "카페 (Cafe)",
      "details": { "category": "상업 시설", "location": "전 세계" }
    },
    {
      "name": "빵집 (Bakery)",
      "details": { "category": "상업 시설", "location": "전 세계" }
    },
    {
      "name": "정육점 (Butcher Shop)",
      "details": { "category": "상업 시설", "location": "전 세계" }
    },
    {
      "name": "꽃집 (Flower Shop)",
      "details": { "category": "상업 시설", "location": "전 세계" }
    },
    {
      "name": "미용실 (Beauty Salon)",
      "details": { "category": "상업 시설", "location": "전 세계" }
    },
    {
      "name": "이발소 (Barber Shop)",
      "details": { "category": "상업 시설", "location": "전 세계" }
    },
    {
      "name": "세탁소 (Laundromat)",
      "details": { "category": "상업 시설", "location": "전 세계" }
    },
    {
      "name": "부동산 (Real Estate Agency)",
      "details": { "category": "상업 시설", "location": "전 세계" }
    },
    {
      "name": "카센터 (Car Repair Shop)",
      "details": { "category": "상업 시설", "location": "전 세계" }
    },
    {
      "name": "주유소 (Gas Station)",
      "details": { "category": "편의 시설", "location": "전 세계" }
    },
    {
      "name": "전기차 충전소 (EV Charging Station)",
      "details": { "category": "편의 시설", "location": "전 세계" }
    },
    {
      "name": "주차장 (Parking Lot)",
      "details": { "category": "편의 시설", "location": "전 세계" }
    },
    {
      "name": "영화관 (Cinema)",
      "details": { "category": "문화 시설", "location": "전 세계" }
    },
    {
      "name": "박물관 (Museum)",
      "details": { "category": "문화 시설", "location": "전 세계" }
    },
    {
      "name": "미술관 (Art Museum)",
      "details": { "category": "문화 시설", "location": "전 세계" }
    },
    {
      "name": "과학관 (Science Center)",
      "details": { "category": "문화 시설", "location": "전 세계" }
    },
    {
      "name": "공연장 (Theater)",
      "details": { "category": "문화 시설", "location": "전 세계" }
    },
    {
      "name": "노래방 (Karaoke)",
      "details": { "category": "오락 시설", "location": "동아시아 등" }
    },
    {
      "name": "PC방 (Internet Cafe)",
      "details": { "category": "오락 시설", "location": "전 세계" }
    },
    {
      "name": "놀이공원 (Amusement Park)",
      "details": { "category": "오락 시설", "location": "전 세계" }
    },
    {
      "name": "동물원 (Zoo)",
      "details": { "category": "문화/관람", "location": "전 세계" }
    },
    {
      "name": "수족관 (Aquarium)",
      "details": { "category": "문화/관람", "location": "전 세계" }
    },
    {
      "name": "식물원 (Botanical Garden)",
      "details": { "category": "문화/관람", "location": "전 세계" }
    },
    {
      "name": "수목원 (Arboretum)",
      "details": { "category": "문화/관람", "location": "전 세계" }
    },
    {
      "name": "천문대 (Observatory)",
      "details": { "category": "과학/관람", "location": "전 세계" }
    },
    {
      "name": "경기장 (Stadium)",
      "details": { "category": "체육 시설", "location": "전 세계" }
    },
    {
      "name": "체육관 (Gym)",
      "details": { "category": "체육 시설", "location": "전 세계" }
    },
    {
      "name": "수영장 (Swimming Pool)",
      "details": { "category": "체육 시설", "location": "전 세계" }
    },
    {
      "name": "골프장 (Golf Course)",
      "details": { "category": "체육 시설", "location": "전 세계" }
    },
    {
      "name": "스키장 (Ski Resort)",
      "details": { "category": "레저 시설", "location": "전 세계" }
    },
    {
      "name": "캠핑장 (Campsite)",
      "details": { "category": "레저 시설", "location": "전 세계" }
    },
    {
      "name": "공원 (Park)",
      "details": { "category": "휴식 시설", "location": "전 세계" }
    },
    {
      "name": "놀이터 (Playground)",
      "details": { "category": "휴식 시설", "location": "전 세계" }
    },
    {
      "name": "온천 (Hot Spring)",
      "details": { "category": "휴양 시설", "location": "전 세계" }
    },
    {
      "name": "사우나 (Sauna)",
      "details": { "category": "휴양 시설", "location": "전 세계" }
    },
    {
      "name": "호텔 (Hotel)",
      "details": { "category": "숙박 시설", "location": "전 세계" }
    },
    {
      "name": "모텔 (Motel)",
      "details": { "category": "숙박 시설", "location": "전 세계" }
    },
    {
      "name": "게스트하우스 (Guesthouse)",
      "details": { "category": "숙박 시설", "location": "전 세계" }
    },
    {
      "name": "리조트 (Resort)",
      "details": { "category": "숙박 시설", "location": "전 세계" }
    },
    {
      "name": "펜션 (Pension)",
      "details": { "category": "숙박 시설", "location": "대한민국 등" }
    },
    {
      "name": "아파트 (Apartment)",
      "details": { "category": "주거 시설", "location": "전 세계" }
    },
    {
      "name": "주택 (House)",
      "details": { "category": "주거 시설", "location": "전 세계" }
    },
    {
      "name": "기숙사 (Dormitory)",
      "details": { "category": "주거 시설", "location": "전 세계" }
    },
    {
      "name": "오피스텔 (Officetel)",
      "details": { "category": "주거/업무", "location": "대한민국" }
    },
    {
      "name": "공항 (Airport)",
      "details": { "category": "교통 시설", "location": "전 세계" }
    },
    {
      "name": "기차역 (Train Station)",
      "details": { "category": "교통 시설", "location": "전 세계" }
    },
    {
      "name": "지하철역 (Subway Station)",
      "details": { "category": "교통 시설", "location": "전 세계" }
    },
    {
      "name": "버스 터미널 (Bus Terminal)",
      "details": { "category": "교통 시설", "location": "전 세계" }
    },
    {
      "name": "버스 정류장 (Bus Stop)",
      "details": { "category": "교통 시설", "location": "전 세계" }
    },
    {
      "name": "항구 (Port)",
      "details": { "category": "교통 시설", "location": "전 세계" }
    },
    {
      "name": "등대 (Lighthouse)",
      "details": { "category": "시설", "location": "해안" }
    },
    {
      "name": "공장 (Factory)",
      "details": { "category": "산업 시설", "location": "전 세계" }
    },
    {
      "name": "발전소 (Power Plant)",
      "details": { "category": "산업 시설", "location": "전 세계" }
    },
    {
      "name": "댐 (Dam)",
      "details": { "category": "산업 시설", "location": "전 세계" }
    },
    {
      "name": "창고 (Warehouse)",
      "details": { "category": "산업 시설", "location": "전 세계" }
    },
    {
      "name": "농장 (Farm)",
      "details": { "category": "산업 시설", "location": "전 세계" }
    },
    {
      "name": "목장 (Ranch)",
      "details": { "category": "산업 시설", "location": "전 세계" }
    },
    {
      "name": "논 (Rice Paddy)",
      "details": { "category": "농업 시설", "location": "아시아 등" }
    },
    {
      "name": "밭 (Field)",
      "details": { "category": "농업 시설", "location": "전 세계" }
    },
    {
      "name": "과수원 (Orchard)",
      "details": { "category": "농업 시설", "location": "전 세계" }
    },
    {
      "name": "한라산 (Hallasan Mountain)",
      "details": { "category": "자연 지형", "location": "대한민국" }
    },
    {
      "name": "백두산 (Paektu Mountain)",
      "details": { "category": "자연 지형", "location": "북한/중국" }
    },
    {
      "name": "설악산 (Seoraksan Mountain)",
      "details": { "category": "자연 지형", "location": "대한민국" }
    },
    {
      "name": "지리산 (Jirisan Mountain)",
      "details": { "category": "자연 지형", "location": "대한민국" }
    },
    {
      "name": "태백산 (Taebaeksan Mountain)",
      "details": { "category": "자연 지형", "location": "대한민국" }
    },
    {
      "name": "에베레스트 산 (Mount Everest)",
      "details": { "category": "자연 지형", "location": "네팔/중국" }
    },
    {
      "name": "K2 (K2)",
      "details": { "category": "자연 지형", "location": "파키스탄/중국" }
    },
    {
      "name": "몽블랑 (Mont Blanc)",
      "details": { "category": "자연 지형", "location": "프랑스/이탈리아" }
    },
    {
      "name": "마터호른 (Matterhorn)",
      "details": { "category": "자연 지형", "location": "스위스/이탈리아" }
    },
    {
      "name": "킬리만자로 산 (Mount Kilimanjaro)",
      "details": { "category": "자연 지형", "location": "탄자니아" }
    },
    {
      "name": "후지 산 (Mount Fuji)",
      "details": { "category": "자연 지형", "location": "일본" }
    },
    {
      "name": "한강 (Han River)",
      "details": { "category": "자연 지형", "location": "대한민국" }
    },
    {
      "name": "낙동강 (Nakdong River)",
      "details": { "category": "자연 지형", "location": "대한민국" }
    },
    {
      "name": "금강 (Geum River)",
      "details": { "category": "자연 지형", "location": "대한민국" }
    },
    {
      "name": "아마존 강 (Amazon River)",
      "details": { "category": "자연 지형", "location": "남아메리카" }
    },
    {
      "name": "나일 강 (Nile River)",
      "details": { "category": "자연 지형", "location": "아프리카" }
    },
    {
      "name": "미시시피 강 (Mississippi River)",
      "details": { "category": "자연 지형", "location": "미국" }
    },
    {
      "name": "양쯔 강 (Yangtze River)",
      "details": { "category": "자연 지형", "location": "중국" }
    },
    {
      "name": "황하 (Yellow River)",
      "details": { "category": "자연 지형", "location": "중국" }
    },
    {
      "name": "다뉴브 강 (Danube River)",
      "details": { "category": "자연 지형", "location": "유럽" }
    },
    {
      "name": "라인 강 (Rhine River)",
      "details": { "category": "자연 지형", "location": "유럽" }
    },
    {
      "name": "갠지스 강 (Ganges River)",
      "details": { "category": "자연 지형", "location": "인도" }
    },
    {
      "name": "메콩 강 (Mekong River)",
      "details": { "category": "자연 지형", "location": "동남아시아" }
    },
    {
      "name": "바이칼 호 (Lake Baikal)",
      "details": { "category": "자연 지형", "location": "러시아" }
    },
    {
      "name": "빅토리아 호 (Lake Victoria)",
      "details": { "category": "자연 지형", "location": "아프리카" }
    },
    {
      "name": "슈피리어 호 (Lake Superior)",
      "details": { "category": "자연 지형", "location": "북아메리카" }
    },
    {
      "name": "카스피해 (Caspian Sea)",
      "details": { "category": "자연 지형", "location": "유라시아" }
    },
    {
      "name": "사해 (Dead Sea)",
      "details": { "category": "자연 지형", "location": "이스라엘/요르단" }
    },
    {
      "name": "알프스 산맥 (Alps)",
      "details": { "category": "자연 지형", "location": "유럽" }
    },
    {
      "name": "로키 산맥 (Rocky Mountains)",
      "details": { "category": "자연 지형", "location": "북아메리카" }
    },
    {
      "name": "안데스 산맥 (Andes)",
      "details": { "category": "자연 지형", "location": "남아메리카" }
    },
    {
      "name": "히말라야 산맥 (Himalayas)",
      "details": { "category": "자연 지형", "location": "아시아" }
    },
    {
      "name": "우랄 산맥 (Ural Mountains)",
      "details": { "category": "자연 지형", "location": "러시아" }
    },
    {
      "name": "사하라 사막 (Sahara Desert)",
      "details": { "category": "자연 지형", "location": "아프리카" }
    },
    {
      "name": "고비 사막 (Gobi Desert)",
      "details": { "category": "자연 지형", "location": "몽골/중국" }
    },
    {
      "name": "아타카마 사막 (Atacama Desert)",
      "details": { "category": "자연 지형", "location": "칠레" }
    },
    {
      "name": "모하비 사막 (Mojave Desert)",
      "details": { "category": "자연 지형", "location": "미국" }
    },
    {
      "name": "나이아가라 폭포 (Niagara Falls)",
      "details": { "category": "자연 지형", "location": "미국/캐나다" }
    },
    {
      "name": "이구아수 폭포 (Iguazu Falls)",
      "details": { "category": "자연 지형", "location": "브라질/아르헨티나" }
    },
    {
      "name": "빅토리아 폭포 (Victoria Falls)",
      "details": { "category": "자연 지형", "location": "아프리카" }
    },
    {
      "name": "엔젤 폭포 (Angel Falls)",
      "details": { "category": "자연 지형", "location": "베네수엘라" }
    },
    {
      "name": "그랜드 캐니언 (Grand Canyon)",
      "details": { "category": "자연 지형", "location": "미국" }
    },
    {
      "name": "그레이트 배리어 리프 (Great Barrier Reef)",
      "details": { "category": "자연 지형", "location": "호주" }
    },
    {
      "name": "우유니 소금사막 (Salar de Uyuni)",
      "details": { "category": "자연 지형", "location": "볼리비아" }
    },
    {
      "name": "오로라 (Aurora)",
      "details": { "category": "자연 현상/장소", "location": "극지방" }
    },
    {
      "name": "태평양 (Pacific Ocean)",
      "details": { "category": "대양", "location": "지구" }
    },
    {
      "name": "대서양 (Atlantic Ocean)",
      "details": { "category": "대양", "location": "지구" }
    },
    {
      "name": "인도양 (Indian Ocean)",
      "details": { "category": "대양", "location": "지구" }
    },
    {
      "name": "북극해 (Arctic Ocean)",
      "details": { "category": "대양", "location": "지구" }
    },
    {
      "name": "남극해 (Southern Ocean)",
      "details": { "category": "대양", "location": "지구" }
    },
    {
      "name": "지중해 (Mediterranean Sea)",
      "details": { "category": "바다", "location": "유럽/아프리카" }
    },
    {
      "name": "카리브해 (Caribbean Sea)",
      "details": { "category": "바다", "location": "중남미" }
    },
    {
      "name": "홍해 (Red Sea)",
      "details": { "category": "바다", "location": "아프리카/아시아" }
    },
    {
      "name": "흑해 (Black Sea)",
      "details": { "category": "바다", "location": "유라시아" }
    },
    {
      "name": "발트해 (Baltic Sea)",
      "details": { "category": "바다", "location": "유럽" }
    },
    {
      "name": "동해 (East Sea)",
      "details": { "category": "바다", "location": "동아시아" }
    },
    {
      "name": "남극 (Antarctica)",
      "details": { "category": "대륙", "location": "지구" }
    },
    {
      "name": "북극 (Arctic)",
      "details": { "category": "지역", "location": "지구" }
    },
    {
      "name": "아시아 (Asia)",
      "details": { "category": "대륙", "location": "지구" }
    },
    {
      "name": "유럽 (Europe)",
      "details": { "category": "대륙", "location": "지구" }
    },
    {
      "name": "아프리카 (Africa)",
      "details": { "category": "대륙", "location": "지구" }
    },
    {
      "name": "북아메리카 (North America)",
      "details": { "category": "대륙", "location": "지구" }
    },
    {
      "name": "남아메리카 (South America)",
      "details": { "category": "대륙", "location": "지구" }
    },
    {
      "name": "오세아니아 (Oceania)",
      "details": { "category": "대륙", "location": "지구" }
    },
    {
      "name": "에펠탑 (Eiffel Tower)",
      "details": { "category": "건축물", "location": "프랑스" }
    },
    {
      "name": "개선문 (Arc de Triomphe)",
      "details": { "category": "건축물", "location": "프랑스" }
    },
    {
      "name": "루브르 박물관 (Louvre Museum)",
      "details": { "category": "건축물/박물관", "location": "프랑스" }
    },
    {
      "name": "베르사유 궁전 (Palace of Versailles)",
      "details": { "category": "유적지", "location": "프랑스" }
    },
    {
      "name": "자유의 여신상 (Statue of Liberty)",
      "details": { "category": "건축물", "location": "미국" }
    },
    {
      "name": "엠파이어 스테이트 빌딩 (Empire State Building)",
      "details": { "category": "건축물", "location": "미국" }
    },
    {
      "name": "백악관 (The White House)",
      "details": { "category": "건축물", "location": "미국" }
    },
    {
      "name": "금문교 (Golden Gate Bridge)",
      "details": { "category": "건축물/다리", "location": "미국" }
    },
    {
      "name": "타임스 스퀘어 (Times Square)",
      "details": { "category": "명소", "location": "미국" }
    },
    {
      "name": "할리우드 (Hollywood)",
      "details": { "category": "명소", "location": "미국" }
    },
    {
      "name": "브로드웨이 (Broadway)",
      "details": { "category": "명소", "location": "미국" }
    },
    {
      "name": "빅 벤 (Big Ben)",
      "details": { "category": "건축물", "location": "영국" }
    },
    {
      "name": "타워 브리지 (Tower Bridge)",
      "details": { "category": "건축물/다리", "location": "영국" }
    },
    {
      "name": "버킹엄 궁전 (Buckingham Palace)",
      "details": { "category": "건축물", "location": "영국" }
    },
    {
      "name": "영국 박물관 (British Museum)",
      "details": { "category": "건축물/박물관", "location": "영국" }
    },
    {
      "name": "스톤헨지 (Stonehenge)",
      "details": { "category": "유적지", "location": "영국" }
    },
    {
      "name": "콜로세움 (Colosseum)",
      "details": { "category": "유적지", "location": "이탈리아" }
    },
    {
      "name": "피사의 사탑 (Leaning Tower of Pisa)",
      "details": { "category": "건축물", "location": "이탈리아" }
    },
    {
      "name": "판테온 (Pantheon)",
      "details": { "category": "유적지", "location": "이탈리아" }
    },
    {
      "name": "바티칸 (Vatican City)",
      "details": { "category": "국가/유적지", "location": "유럽" }
    },
    {
      "name": "사그라다 파밀리아 (Sagrada Familia)",
      "details": { "category": "건축물", "location": "스페인" }
    },
    {
      "name": "알함브라 궁전 (Alhambra)",
      "details": { "category": "유적지", "location": "스페인" }
    },
    {
      "name": "아크로폴리스 (Acropolis)",
      "details": { "category": "유적지", "location": "그리스" }
    },
    {
      "name": "산토리니 (Santorini)",
      "details": { "category": "섬/명소", "location": "그리스" }
    },
    {
      "name": "노이슈반슈타인 성 (Neuschwanstein Castle)",
      "details": { "category": "건축물", "location": "독일" }
    },
    {
      "name": "크렘린 (Kremlin)",
      "details": { "category": "건축물", "location": "러시아" }
    },
    {
      "name": "성 바실리 대성당 (Saint Basil's Cathedral)",
      "details": { "category": "건축물", "location": "러시아" }
    },
    {
      "name": "만리장성 (Great Wall of China)",
      "details": { "category": "유적지", "location": "중국" }
    },
    {
      "name": "자금성 (Forbidden City)",
      "details": { "category": "유적지", "location": "중국" }
    },
    {
      "name": "타지마할 (Taj Mahal)",
      "details": { "category": "유적지", "location": "인도" }
    },
    {
      "name": "앙코르 와트 (Angkor Wat)",
      "details": { "category": "유적지", "location": "캄보디아" }
    },
    {
      "name": "부르즈 할리파 (Burj Khalifa)",
      "details": { "category": "건축물", "location": "아랍에미리트" }
    },
    {
      "name": "페트로나스 트윈 타워 (Petronas Towers)",
      "details": { "category": "건축물", "location": "말레이시아" }
    },
    {
      "name": "오페라 하우스 (Sydney Opera House)",
      "details": { "category": "건축물", "location": "호주" }
    },
    {
      "name": "피라미드 (Pyramid)",
      "details": { "category": "유적지", "location": "이집트" }
    },
    {
      "name": "스핑크스 (Sphinx)",
      "details": { "category": "유적지", "location": "이집트" }
    },
    {
      "name": "페트라 (Petra)",
      "details": { "category": "유적지", "location": "요르단" }
    },
    {
      "name": "마추픽추 (Machu Picchu)",
      "details": { "category": "유적지", "location": "페루" }
    },
    {
      "name": "치첸 이트사 (Chichen Itza)",
      "details": { "category": "유적지", "location": "멕시코" }
    },
    {
      "name": "경복궁 (Gyeongbokgung Palace)",
      "details": { "category": "유적지/궁궐", "location": "대한민국" }
    },
    {
      "name": "N서울타워 (N Seoul Tower)",
      "details": { "category": "건축물/명소", "location": "대한민국" }
    },
    {
      "name": "숭례문 (Sungnyemun Gate)",
      "details": { "category": "유적지", "location": "대한민국" }
    },
    {
      "name": "불국사 (Bulguksa Temple)",
      "details": { "category": "유적지/사찰", "location": "대한민국" }
    },
    {
      "name": "석굴암 (Seokguram Grotto)",
      "details": { "category": "유적지", "location": "대한민국" }
    },
    {
      "name": "해운대 (Haeundae Beach)",
      "details": { "category": "명소/해변", "location": "대한민국" }
    },
    {
      "name": "남이섬 (Nami Island)",
      "details": { "category": "명소/섬", "location": "대한민국" }
    },
    {
      "name": "디즈니랜드 (Disneyland)",
      "details": { "category": "테마파크", "location": "미국 등" }
    },
    {
      "name": "유니버설 스튜디오 (Universal Studios)",
      "details": { "category": "테마파크", "location": "미국 등" }
    },
    {
      "name": "갈라파고스 제도 (Galapagos Islands)",
      "details": { "category": "군도", "location": "에콰도르" }
    },
    {
      "name": "하와이 (Hawaii)",
      "details": { "category": "주/제도", "location": "미국" }
    },
    {
      "name": "몰디브 (Maldives)",
      "details": { "category": "국가/섬", "location": "인도양" }
    },
    {
      "name": "괌 (Guam)",
      "details": { "category": "섬", "location": "태평양" }
    },
    {
      "name": "사이판 (Saipan)",
      "details": { "category": "섬", "location": "태평양" }
    },
    {
      "name": "그린란드 (Greenland)",
      "details": { "category": "섬", "location": "북극" }
    },
    {
      "name": "우주 (Universe)",
      "details": { "category": "공간", "location": "지구 밖" }
    },
    {
      "name": "태양 (Sun)",
      "details": { "category": "천체", "location": "우주" }
    },
    {
      "name": "달 (Moon)",
      "details": { "category": "천체", "location": "우주" }
    },
    {
      "name": "화성 (Mars)",
      "details": { "category": "천체", "location": "우주" }
    },
    {
      "name": "목성 (Jupiter)",
      "details": { "category": "천체", "location": "우주" }
    },
    {
      "name": "토성 (Saturn)",
      "details": { "category": "천체", "location": "우주" }
    },
    {
      "name": "국제우주정거장 (ISS)",
      "details": { "category": "인공위성", "location": "지구 궤도" }
    }
  ]
}